tid,text,gt
0,Proud to receive the True Blue Award from @USER today for my pro-life and pro-family voting record,2
1,Tomorrow the state Legislature will be called into a special session to address the state budget hole created by the economic effects of the COVID-19 pandemic.  I've also asked the Legislature to take up:  Business & tax relief Public safety reform Election changes  More info ‚¨áÔ∏è,1
2,"On Wednesday, I visited the #Israel Pavilion at OTC in Houston. HTTPURL‚Ä¶ #Energy #TX14",2
3,"Important dates for #DACA constituents: Renewal must be received by Oct. 5 if EAD exp. by Mar. 5, 2018: HTTPURL #ProtectDACA",1
4,"Does your #DACA expire between now and March 5, 2018? Submit your renewal application before October 5, 2017‚Üí HTTPURL",1
5,"#TrumpCare‚Äôs cuts to Medicaid will hurt working families, children, Americans with disabilities, and seniors. #PayMoreForLess",1
6,Our veterans are our priority. Last night I voted for the #VeteransIDAct ensuring easier access to benefits & care.,2
7,Domestic violence is still far too prevalent. Help is available. #VAWA #1is2Many,1
8,This #EarthDay I am reflecting on my work in Congress to mitigate the effects of climate change and end the climate crisis. We have a long way to go and we must continue to #ActOnClimate,1
9,Great to see volunteers in action @USER painting murals at Vincent HS for #MLKDayOfService #cyMLK #cyMKE,2
10,58% of women use birth control for health reasons. RT if you know #healthcare is #NotMyBossBusiness,1
11,"Cornyn says he ""doesn't get the point about open carry."" Let's teach him a lesson. Early voting starts Tues, Feb. 18",2
12,Rep Cicilline speaking about his work to address climate change at @USER Breakfast of Champions today.,1
13,I hope @USER lays out plan to beat #ISIS and win war on Islamic terror in #SOTU - HTTPURL‚Ä¶ #NDPOL,2
14,"I‚Äôm fighting to #ProtectOurCare for the 1,215,300 Nevadans who live with pre-existing conditions. If the GOP‚Äôs Texas v. U.S. lawsuit strikes down the Affordable Care Act, they‚Äôll lose vital protections that keep their costs down!",1
15,Cornyn voted twice in 2013 to fund Obamacare.  The only time Cornyn has ever stood up to Obama is to shake his hand.,2
16,"""Our science is shut down. The telescopes are still collecting data, but we can‚Äôt look at it. We can‚Äôt talk to our students, or our colleagues, or our postdocs about the work that they would like to be doing. "" ‚Äì Jane, furloughed NASA worker #ShutdownStories",1
17,"9,500 more young adults in #CA3 have health insurance b/c of #ObamaCare. #ACA #hcr #p2 #NorCal",1
18,Joined my colleagues today in opposing #TPP. My only criteria is: will this cost jobs? Answer is yes.,2
19,"Today on International Holocaust Remembrance Day, we pause to honor the lives of the 6 million Jews & other innocent people taken by the brutal Nazi regime. We also pay tribute to the courageous survivors, as well as the brave who fought against intolerance. #NeverAgain",2
20,Standing with @USER and furloughed American workers to stop #GOPshutdown #Standup2Shutdown #EnoughAlready,1
21,Only 12% of workers get #paidleave to care for a new child or ill family member. #WhatMothersNeed,1
22,John Cornyn just voted to raise Obama's debt limit. The only time Cornyn stood up to Obama was to shake his hand.,2
23,"In just 4 years, the cost of insulin DOUBLED. That's ridiculous ‚Äì the medicine you need to stay alive shouldn't cost an arm and a leg. Dems are serious about tackling the skyrocketing cost of prescription drugs & we‚Äôre committed to passing our bill, the #LowerDrugCosts Now Act.",1
24,Enjoyed meeting with former ND Legislator Mike Hamerlik of @USER today to talk shop on #Obamacare replace & access to veterans care.,2
25,It is no surprise that the majority of Americans support building the Keystone XL Pipeline. #TimetoBuild,2
26,"NOW: Rep Cicilline, faith leaders urging resettlement for 100,000 Syrian refugees.",1
27,"Are you facing an eviction due to #COVID19? Follow this checklist from @USER    If you need more assistance, contact my office at 702-963-9360.",1
28,"On this day of somber reflection, we remember the six million Jews murdered in the holocaust. #HolocaustRemembranceDay #YomHaShoah #NeverAgain",2
29,"Women shouldn‚Äôt need to work 15 months to be paid what men receive in 12.  It is time for #EqualPay. But equal pay is not just a woman‚Äôs issue. It impacts families, businesses & economy. #EqualPayDay #PaycheckFairnessAct",1
30,"#DREAMers are our friends, neighbors, soldiers, new homeowners, entrepreneurs & students. We will stand with you. We must #DefendDACA!",1
31,"Enjoyed speaking on a panel at @USER about importance of protecting our greatest ally in the Middle East, Israel.",2
32,"#EqualPay strengthens our economy & helps families not only make ends meet, but thrive. #EqualPayCantWait",1
33,"House D's will have to explain to their constituents why after 1 year and 3 days, @USER still refuses to bring   #USMCA to the floor for a vote.   USMCA will have a more positive impact on the US economy, jobs, & wages than any trade agreement the ITC has ever reviewed.",2
34,"State health officials have announced today 92 additional cases of COVID-19 in New Mexico, currently totaling 495 positive tests statewide.  @USER has also announced three additional deaths related to COVID-19, bringing the total to ten.  More info here: HTTPURL",1
35,"I stand with my #LGBT constituents in commemorating #Pulse. Today, we mourn those we lost. Tomorrow, we fight for #equality in their memory.",1
36,"Held telephone town hall w/ 1000s of #NorCal constituents. Talked #CADrought, jobs, #minimumwage, #vets & more. #CA03",1
37,"I spent my morning demanding answers about the Trump Admin's latest attack on Americans' health care.    I'll keep working with the @USER to stand up for the 1.2 million Nevadans battling pre-existing conditions like cancer, asthma, and diabetes. #ProtectOurCare",1
38,On Mon I have the honor of introducing fmr Israeli Pres Shimon Perez during the Tarrant County College lunch in FW.,2
39,Barriers to voting are unacceptable! Congress must #RestoreTheVOTE so that every voice is heard. #RestorationTuesday,1
40,#GrahamCassidy gives big insurers the power to charge people with pre-existing conditions much higher premiums. #Trumpcare.,1
41,Happy to sit down with @USER this morning to discuss Congressman Paul Ryan as potential House speaker.,2
42,#tbt Discussing Paycheck Fairness w/Lilly Ledbetter. Law is 6 years old today. #EqualPay HTTPURL,1
43,"Today I met with the parents of #Hadar_Goldin, an #Israeli soldier who was killed by #Hamas. #Hamas must release his body to his family.",2
44,Fairness and equality are core American values. It's time to make sure they are the law of the land as well by passing #HR5 and protecting #LGBTQ Americans from discrimination. #EqualityAct,1
45,"State health officials have announced today 29 additional cases of COVID-19 in New Mexico, currently totaling 237 positive tests statewide.  More information here: HTTPURL  The health of your community depends on you. Stay home.  #StayHomeSaveLives #AllTogetherNM",1
46,WATCH @USER on @USER earlier this afternoon discussing #ISIS HTTPURL,2
47,Rep. Hensarling‚Äôs bill guts Wall Street rules & consumer protections & puts working Americans at risk. It's unacceptable. #WrongChoiceAct,1
48,".@USER think this is a game, but we're gaining strength #dontyoufeelit #NoFlyNoBuy #NoBillNoBreak",1
49,We‚Äôre committed to combating the #opioidcrisis through a multi-pronged approach. Learn more: HTTPURL ‚úì Treatment and recovery ‚úì Prevention ‚úì Protecting communities ‚úì Fighting fentanyl,2
50,"Mr. Speaker, let's vote to #renewUI for 2.8M, including nearly 100,000 in #GA!",1
51,"If your #DACA expired on or after September 5, 2016 you may submit a DACA renewal application. Apply with USCIS ‚Üí HTTPURL #RenewDACA",1
52,Chancellor @USER chats w/ @USER before grand opening of #biodigester @USER -staff #HappyEarthDay,1
53,"During the celebration of 72 years of Sri Lankan Independence, we recognize the many contributions of this community as part of the #AAPI population, one of the fastest growing communities in our country.",1
54,We need #PaycheckFairness now! Proud to have just cast my vote for #EqualPayForEqualWork,1
55,"With the intelligence community warning that foreign interference in US elections will increase, Sen Klobuchar spoke today in the Capitol calling on Majority Leader McConnell to hold a vote on #ElectionSecurity bills, including The Honest Ads and SAFE Acts, that she sponsored.",1
56,"Democrats kill bipartisan compromise to end #shutdown, White House brags ""we are winning."" #DemocratShutdown #tcot",2
57,"I will discuss U.S. #ForeignPolicy, #Iraq & #Syria on MSNBC's #EdShow at 5:18 PM ET/ 2:18 PM PT #p2",1
58,"#NCA2014: #ClimateChange not a distant threat. It's affecting us now, which is why we must #ActOnClimate immediately",1
59,#WeWillNotYield the floor until we get a vote on common sense gun legislation Americans are demanding #NoBillNoBreak,1
60,"Spending the day traveling the state to hear from Ohioans about #NAFTA, and talk about how we can improve trade deals for Ohio. First stop: Toledo.",1
61,NOW watch @USER and others at Europe subcommittee hearing on #Putin and #Ukraine: HTTPURL,2
62,"A positive note: As of today, there are 26 COVID-19 cases designated as having recovered by the New Mexico Department of Health.  We will get through this public health emergency together.  Stay home. Wash your hands. Be kind.  #AllTogetherNM #StayHomeSaveLives",1
63,"My administration has made the very difficult decision, in close consultation with education & health leaders, to extend public school closures through the rest of the academic year. We have to continue to take aggressive steps to mitigate the spread of COVID-19. #AllTogetherNM",1
64,The #ACA is saving seniors & people w/ disabilities billions by closing the prescription drug donut hole.,1
65,"Today, the GOP voted to deny that CO2 pollution harms our planet. But the science is clear. We must #ActOnClimate",1
66,"Thrilled to join Troy Stevenson & @USER @USER party thanking volunteers for #MarriageEquality victory, Asbury Park",1
67,It‚Äôs long past time to ensure #EqualPay for women HTTPURL #NoMadMenPay #equalpayday,1
68,"Demanded that Congress overturn #SCOTUS decision on #VotingRightsAct at St. James AME Church, Newark rally. #VRA #NJ",1
69,"State health officials have announced today 109 additional cases of #COVID19 in New Mexico, currently totaling 794 positive tests statewide.  Sadly, @USER has also announced one new death related to COVID-19, bringing the total to 13.  More info here: HTTPURL",1
70,"For every dollar spent treating #Alzheimers, we invest less than a penny in #research to prevent the disease. #endalz",1
71,"If Cornyn's telling you he opposes raising the debt limit, he voted to raise the debt limit eight times before this.",2
72,"The state of New Mexico has been working around the clock to feed thousands during the #COVID19 pandemic:  - Over 5.4 million meals delivered to children and youth  - Over 293,000 meals delivered to seniors  - Over 400,000 lbs of food items delivered to communities most in need",1
73,"1.3M Americans & 55,000 in GA need us #renewUI. We are our brothers & sisters keepers. Don't leave them #outinthecold",1
74,Great to meet with folks at @USER Grand Forks yesterday. LM Wind Power is a leading supplier of blades to the wind industry.,2
75,"With the passage of the #TaxCutsandJobsAct, Congress just corrected the tax imbalance created by decades of special interest lobbying in Washington. #TaxReform #2059More   More here: HTTPURL",2
76,"Top stories in US according to NY Times? Russia hoax, fake fight over post office, & the dangers of fraternity parties. Yes, while citizens are attacked daily & Democrat cities burn from violent BLM Antifa mobs, the true threat according to NYT are frat parties. #TheyreLyingToYou",2
77,The current minimum wage isn't enough for workers & their families to get out of poverty. It's time to #raisethewage,1
78,@USER says that President Trump‚Äôs trial will be just like Clinton‚Äôs. That‚Äôs a lie. #EndTheCoverUp #DefendOurDemocracy,1
79,Adding my signature to the Northrop Grumman sign for their facility being built at #GrandSky,2
80,I'm in @USER now preparing to question Mr. Mueller about @USER ordering WH Counsel McGahn to fire #Mueller. #RetweetTheReport #MuellerHearing #MuellerTestimony #MuellerHearings #MuellerTestifies #NoOneIsAboveTheLaw,1
81,"Tomorrow is Nov 1, which means just 1 day until you can buy or change your health care plan. Visit HTTPURL #GetCovered",1
82,"The #PaycheckProtectionProgram continues to work for the #TX12 worker. With over $41 billion approved for #Texas small businesses, over 4.5 million Texans have kept their jobs, including at least 204,350 in #TarrantCounty alone. See more from @USER here: HTTPURL",2
83,".@USER listened to public health experts, raised the tobacco age to 21 and is saving lives. Now, he should listen to public health experts on the issue of gun control. #EndGunViolenceBill #EndGunViolence",1
84,"For every $1 of care for Alzheimer's, we spend less than a penny on research for prevention. #EndAlz",1
85,Joining my fellow @USER to call for a clean CR vote to end the #GOPShutdown #EnoughAlready #DemandAVote,1
86,"Stop, Look, Listen: 81 years ago today, #MarvinGaye was born at Howard University Hospital. The wisdom in his love songs spans generations.  Mercy mercy me, I heard it through the grapevine that distant lovers are the best kind right now. #socialdistancing",1
87,"Cornyn says he ""doesn't get the point about open carry.""  Let's teach him a lesson. Early voting starts Tues, Feb. 18",2
88,"The #GOPTaxScam was written to tilt the deck against the middle class. In Rhode Island alone, the top 5% of earners get 59% of tax breaks because of the Republican plan.",1
89,"As Americans, we help one another in times of great need. This is why we must #RenewUI.",1
90,"The #CBO just released its long-term assessment of #Trumpcare, and it shows that #MedicaidCuts extend to 35% over the next two decades. Sad!",1
91,‚ÄúMy mother is 95 & receives a pension of only $1500/mon. Medicaid keeps her alive so she is able to spend time w her kids & grandkids.‚Äù ‚ÄìBob,1
92,"The frontlines of the #OpioidEpidemic are treatment providers like the New Hope Corps. here in #FL26. Thankful for their work to combat all #opioid addiction, including the shocking 1,027% increase in fentanyl-related deaths in #MiamiDade since 2014.",2
93,"Today, on Asian American and Pacific Islander Equal Pay Day, we‚Äôre recognizing some of the starker wage disparities that certain ethnicities of AAPI women experience. Join us as we push back against the ‚Äúmodel minority‚Äù myth and share information about #AAPIEqualPay.",1
94,"I requested the CAO to withhold my salary until the government shutdown ends. Members of Congress and Senators shouldn't be treated differently than anyone else. Our brave men and women in uniform aren't being paid, so neither should we.",2
95,"Today we've crossed the threshold of 5,000 #COVID19 cases in New Mexico, as well as over 200 devastating deaths.  Cases continue to rise. The virus continues to spread.  Every New Mexican must do their part in practicing social distancing and slowing the spread of the virus.",1
96,Rep. Cicilline‚Äôs statement after voting to approve two articles of  impeachment in the House Judiciary Committee this morning #DefendOurDemocracy,1
97,I am listening to those speaking out for police reform and will vote to pass the George Floyd #JusticeInPolicing Act today.   Learn more about the bill and become a citizen co-sponsor at HTTPURL.,1
98,Federal contract workers are being irreparably harmed by the #TrumpShutdown with lost wages. #EndTheShutdown,1
99,"During a ceremony this May, I was proud to commemorate Israel's Independence Day & Jewish American Heritage Month.",2
100,Yesterday @USER met Natalie Sedletska w/ @USER and @USER known for uncovering corruption in Ukraine.,2
101,Stopped by Select Physical Therapy to speak to patients who are struggling to afford their doctor-recommended care.  I‚Äôm urging @USER to listen to the American people and pass the 11 #HealthCare bills from the #House now. #ProtectOurCare #HealthCareWeek,1
102,The House voted to #StopIRS targeting. RT if you agree #SenateMustAct.,2
103,"In a @USER hearing abt global threats, #ISIS. Hearing from @USER Secretary Johnson, @USER @USER",2
104,Glad to join @USER @USER and Miami Valley leaders in Dayton this morning to celebrate the area‚Äôs many wins in this year‚Äôs #NDAA. Our work together resulted in the largest military construction investment ever made in @USER NASIC.,1
105,"Big win for ND, our economy, & our allies - #Congress expected to lift #crudeoil export ban #Lifttheban #Yes2Energy",2
106,I share Grand Forks BRIC‚Äôs enthusiasm as the 319th Air Base Wing brings back flying missions and the great potential that will bring to the Grand Forks area.,2
107,The President's #DirtyWaterRule puts the drinking water sources for tens of millions of people at risk. He is undoing decades of bipartisan protection of clean water for a huge giveaway to the polluters who are calling the shots in the #TrumpAdministration. #ProtectCleanWater,1
108,We can't allow corporations to rig the justice system against #EqualPay. Let‚Äôs end #ForcedArbitration,1
109,Talked with @USER today about the importance of U.S.-Ukraine ties and how the impeachment inquiry is affecting that relationship.,2
110,House Dems passed the George Floyd #JusticeInPolicing Act. It‚Äôs time for the Senate to take it up.   Join me in sending a message to Trump & Senate Republicans: We need comprehensive police reform NOW.   Sign up by July 23 to become a citizen cosponsor at HTTPURL.,1
111,"From decriminalizing sodomy to legalizing marriage equality, we‚Äôve come far and we‚Äôll continue to work for full equality. #EqualityDay",1
112,Climate change may be most pressing national security challenge of 21st century. Now is time for bold action to keep American people safe.,1
113,Had a great meeting with @USER and @USER today to discuss building consensus for #ClimateChange solutions.,2
114,"ICYMI: Yesterday, I voted to to balance the budget and grow our economy. Learn more: HTTPURL",2
115,Son Abel looking out for Granddaughter Lyla on 1st day of preschool at Shiloh Christian in Bismarck. A good uncle.,2
116,"This morning, House members @USER took a moment of silence #NeverForget #15YearsAfter911",2
117,The plan to #RaisetheWage to $10.10 would give Ohioans a #FairShot to make a living & boost economy.,1
118,"""We cannot continue to be weaponized in this manner.‚Äù ‚Äì Jacqueline, furloughed FEMA worker #ShutdownStories",1
119,Nevada ranks as one of the worst states in the country for access to affordable housing. @USER proposal to purge undocumented immigrants from public housing will disproportionately affect Nevadans. We need to #KeepFamiliesTogether HTTPURL,1
120,What a blast celebrating the grand opening (and jumping in for a quick dip!) at Grindstone Lake water park in Ruidoso. This is a picture-perfect example of outdoor recreation opportunity in our state: One water sports outfit here has quickly spawned five new businesses! #NMTrue,1
121,"News from @USER Tribal gaming operations can access the #PaycheckProtectionProgram, allowing tribes to support more of their workers amid #COVID19.  @USER @USER and I sent a letter to the Department advocating for this decision.",2
122,If only the @USER real priorities weren't such a joke... #DemandAVote #RenewUI #RaiseTheWage #AprilFools,1
123,Sen. Johnson continues to support the @USER BlueCampaign to stop human trafficking. #HumanTraffickingAwarenessDay HTTPURL,2
124,COVID-safe practices MUST be in place in order for any business or house of worship to operate.  The Economic Recovery Council and @USER have developed specific COVID-safe practices (CSPs) for a wide variety of employers ‚Äì see your required CSPs here: HTTPURL,1
125,#DREAMers are Americans. It‚Äôs that simple. Pass the DREAM Act now! #ProtectDREAMers,1
126,"We will #NeverForget the nearly 3,000 lives taken from us & the heroic first responders who rushed from across the country to assist.",2
127,"300,000 young Americans are in danger of becoming victims of sex trafficking. #EndTrafficking",2
128,Great having @USER testify at @USER about their important work on the @USER #VITA program for low-income families in #SoFla. Also sat down after to talk about their support for my calls to pass a #DACA solution as quickly as possible.,2
129,"B/c of #ObamaCare, up to 17 million children can no longer be denied coverage by insurers. #p2 #ACA",1
130,Grand Forks being announced as the first operational UAS test site,2
131,"I'm grateful to have the opportunity to speak with the Senate Education Committee this morning about Senate Bill 671. I want all New Mexico children, including my granddaughter Avery, to be ensured early childhood education ‚Äì that's why I'm not giving up on this fight. #nmleg",1
132,Receiving a briefing from @USER in Grand Forks concerning their use of UAS to keep our country safe.,2
133,"I join .@USER in fighting to make our nation's highways, bridges, transit, rail, airports, and harbors safer, smarter, & made to last.   The #MovingForward Act invests $1.5 trillion to do just that, while putting millions of Americans back to work. #ForThePeople",1
134,We need a leader in the Senate who fights #ForThePeople by passing bills that have the American people‚Äôs interests in mind -- not special interest groups. #McConnellGraveyard,1
135,Pleased to lead a bipartisan congressional delegation to Kyiv to demonstrate America‚Äôs support for the people of Ukraine. Enjoyed meeting with President Volodymyr Zelensky and the reformers who comprise his administration.,2
136,When a doctor at #Tomah #VA blew the whistle on an #opioidcrisis he suffered retaliation. Today we say never again.,2
137,"#SCOTUS ruling proves that #HomeIsHere. I hope my constituents like Cinthya, Damaris and the hundreds of thousands of #Dreamers nationwide celebrate this deserved victory. #HereToStay HTTPURL",1
138,Solution to Syrian Refugee Crisis is to destroy ISIS & open path to new leadership in Syria. HTTPURL,2
139,"The so-called Deficit Hawks' #GOPTaxScam will cause the federal deficit to quickly rise, topping $1 trillion by 2020, says CBO. Look for Republicans to use the deficit they created to justify ransacking Medicare, Medicaid, and Social Security. Dem-controlled House will stop them!",1
140," The Senate just passed the #CARESAct, Phase Three of our #COVID„Éº19 relief plan.  It injects immediate help directly into the economy. I hope the House passes it right away & sends it to @USER American people have waited long enough.",2
141,"Beautiful evening to join folks in Barney, ND for the grand opening of @USER new grain shuttle loader.",2
142,"New Mexico: testing for #COVID19 is available statewide.  The more New Mexicans get tested, the better understanding we have of the pandemic in our state.  Help us keep New Mexico safe: get tested and slow the spread.  See statewide testing sites here: HTTPURL",1
143,"#GOPshutdown piecemeal funding has neglected food assistance, services for our veterans, child care funding & more.",1
144,"Nonpartisan @USER on how #TaxCutsandJobsAct will benefit different individuals and families. Average family of four will see a $2,059 tax cut.  More here: HTTPURL‚Ä¶",2
145,"Auschwitz, the notorious Nazi death camp, was liberated 75 years ago. On this #HolocaustRemembranceDay we remember the 6 million Jews murdered in the Holocaust and pledge #NeverAgain. #WeRemember",2
146,"As chairman of the Foreign Relations Committee‚Äôs Subcommittee on Europe and Regional Security Cooperation, it was an honor to start the week in #Ukraine for the inauguration of President @USER and to meet with other Baltic presidents.",2
147,I‚Äôm proud to join @USER #LoveConquersHate campaign supporting #LGBT equality in Russia. HTTPURL,1
148,The bipartisan #USMCA would improve American businesses by adding to the economy and creating jobs!,2
149,The number of Americans who have lost their unemployment benefits today reached 1.6M. Congress must act to #RenewUI.,1
150,"Jan. 22, 2020 marks the 47th anniversary of the #RoevWade ruling.  Today, @USER proclaimed 01/22 National Sanctity of Human Life Day. The President & his Admin continue to fight for and implement strong pro-life policies.   HTTPURL‚Ä¶",2
151,COVID-safe practices MUST be in place in order for any business or organization to operate.  The state Economic Recovery Council and @USER have developed specific COVID-safe practices (CSPs) for a wide variety of employers ‚Äì see your required CSPs here: HTTPURL,1
152,Pope Francis will address Congress at 10 AM (EST) Watch it live -    HTTPURL‚Ä¶ #PopeInDC #PopeInUSA,2
153,#CommonCore problems: another reminder of why we need more #schoolchoice,2
154,"There are STILL questions about @USER that need to be answered on: Obstruction of Justice Corruption Abuse of Power The American people have a RIGHT to know, and that‚Äôs why AG Barr MUST #ReleaseTheReport!",1
155,.@USER tradition of ringing bell from 1906 #USSMilwaukee in honor 9/11 victims. #neverforget 9/11,2
156,The Obama Admin doesn‚Äôt want you to know the truth. #ObamaCare means higher premiums ‚Üí,2
157,"Do you own a small business in Nevada?   Last week, I fought in Congress so that YOU could be eligible for increased loans given the #COVID19 economic impact.",1
158,".@USER are fighting #ForThePeople to restore democracy. Ending forced arbitration is critical to making our economy fair, holding corporations accountable when they break the law & giving consumers & workers a voice and the ability to fight back against abuse. #FAIRAct",1
159,I recently had the chance to speak with some of my North Las Vegas residents who shared their personal stories on rising costs of prescription drugs and concerns over access to quality #healthcare. That‚Äôs why I‚Äôll continue to fight to pass #HR3 the #LowerDrugCostsNow Act.,1
160,Great to meet w/ the GA Chapter of .@USER Enough is enough. We must act. #NationalDayofAction #DisarmHate,1
161,"Just toured @USER Dixon composting facility. Crucial in efforts to reduce waste, provide renewable energy, & address climate change",1
162,"She cannot continue to obstruct a congressional investigation, she must tell us the truth. #IRS",2
163,Disappointed in senators who voted against energy jobs in North Dakota today. #MethaneRule   Full Statement: HTTPURL,2
164,"Today, I voted to stop taxpayer funded abortion, while protecting these funds for clinics offering other women‚Äôs health services.",2
165,Signed petition to #DemandAVote on #ENDA: protects #LGBT Americans from being fired for who they are or who they love,1
166,"State health officials have announced today 106 additional cases of #COVID19 in New Mexico, currently totaling 1,091 positive tests statewide.  Sadly, @USER has also announced two new deaths related to COVID-19, bringing the total to 19.  More info here: HTTPURL",1
167,Why can't we #RaisetheWage? The most closed Congress in history. RT if you think #GOPClosedCongress needs to stop.,1
168,Tomorrow @USER hosts a #Trumpcare Twitter town hall. Make Your Voices Heard! State your questions with the hashtag #CBCOnHealthcare,1
169,"Fifty years after Freedom Summer, the Voting Rights Act is needed more than ever: HTTPURL #VRA4Today",1
170,"#DCStatehood highlight of the week: I planted a tree at the Capitol on Congress‚Äô doorstep to honor DC residents, who are still denied voting rights and are determined to become the 51st state. Our Tulip Polar is a descendant of George Washington‚Äôs original trees at Mt. Vernon.",1
171,"Today the US reaffirmed its commitment to Israel by following through on a pledge we made years ago as a nation. By opening our embassy in Jerusalem, @USER has followed through on yet another promise and taken much-needed action to support our closest ally in the region.",2
172,Proud to have worked w/ Lilly #Ledbetter on #paycheckfairness & ensuring equal pay for equal work,1
173,"Wondering about masks or face coverings?  The latest @USER guidance is that cloth face coverings may provide some additional benefit and are encouraged ‚Äì but do not replace aggressive social distancing, which remains the most effective method of slowing the spread of #COVID19.",1
174,Remember when a Democratic Congress worked with a Republican President to #RaiseTheWage? #TBT #throwbackthursday,1
175,Discussing the latest in the war against #ISIS / #ISIL in #Iraq on @USER with @USER at 5 pm et / 2 pm pt,1
176,Our 2017 End-of-Year Newsletter continues with Part 2: Leading in Congress to confront sexual harassment. Ensuring several wins for DC taxpayers in an otherwise awful #GOPTaxScam bill. Passing a bill to honor 2018 bicentennial for Frederick Douglass. Look for Part 3 tomorrow.,1
177,"Met with @USER workers at the airport in Cleveland this morning, who continue to work every day to keep Americans safe ‚Äì but because of the #TrumpShutdown, they‚Äôre not taking home a paycheck.",1
178,"In a bipartisan vote, Senate advanced #ENDA to ban discrimination against #LGBT at workplace HTTPURL",1
179,Had a great Saturday night w/ Bismarck Friends of @USER discussing the latest legislation in Congress to reinforce our #2ndAmendment rights.,2
180,I‚Äôm proud to support the #PaycheckFairness Act because #EqualPay is crucial to building a stronger economy.,1
181,"I take the safety of Nevadans seriously. While there have been no reported cases of #COVID19 yet in our state, I voted today to ensure that all Americans, have the resources needed for an effective and comprehensive government-wide response to the growing public health threat.",1
182,How is @USER paying for the #GOPTaxScam that gives nearly half of the tax cuts to the top 1% of earners? By eliminating tax deductions for teachers buying supplies for their classrooms.,1
183,@USER veto of #NDAA insults the brave men & women of the #military. I will work to override this injustice #NDPOL,2
184,"NOW: Rep Cicilline, Democratic leaders hold press conference to discuss #TrumpShutdown",1
185,Today we celebrate the 52nd anniversary of #Medicare & #Medicaid‚Äîcrucial programs for families that will be at risk under #Trumpcare.,1
186,"Spoke w members of St. Mary‚Äôs Catholic Church in #KeyWest about their concerns, including the Syrian Refugee Crisis",2
187,"Met w/ Kenneth Morris, great-great-great grandson of Frederick Douglass, on my bill to create a bicentennial commission to honor life of FD.",1
188,"Join us on Monday at 11:30am as we plant a DC tree on Capitol Grounds in recognition of DC residents, who live the nation‚Äôs capital without voting rights in Congress. Pending #DCStatehood, DC deserves the same recognition, small or large, as the 50 states. HTTPURL‚Ä¶",1
189,Time to pass the #CHOICEact to reform our financial system. More here: HTTPURL,2
190,"Happy #MothersDay, DC mothers and grandmothers. I‚Äôm enjoying Mother‚Äôs Day with my children and grandchildren. May your Mother‚Äôs Day be just as special and enjoyable.",1
191,"Grandchild #5, Willa Ruth Senne was born at 7:30 this evening and is healthy and beautiful. Annie, Nick and Nico are all great too. God is good!",2
192,"State health officials have announced today 62 additional cases of #COVID19 in New Mexico, currently totaling 686 positive tests statewide.  More info here: HTTPURL  New Mexico: please, stay home. Stay vigilant. Slow the spread of COVID-19. #StayHomeSaveLives",1
193,Congressman Garamendi joins bipartisan bicameral conference for water infrastructure jobs bill #WRRDA/#WRDA,1
194,"56 years ago, our nation legally outlawed discrimination and segregation based on race, religion, sex or nationality. We continue the fight for equality with renewed strength. Now more than ever, people from all walks of life are on the frontline to help. #CivilRightsAct #BLM",1
195,We must recommit to preventing #domesticviolence in all facets of society: HTTPURL #DVAM #nomore @USER,1
196,#SchumerShutdown Means US Service members go without pay.  Time for @USER to put our military first and vote to open the government,2
197,"HAPPENING SOON: Rep Cicilline to speak at press conference on Social Security, Medicare, prescription drugs. #ProtectOurCare #ForThePeople",1
198,"Last year, I participated in the #HouseSitIn to protest #GunViolence & the GOP has done nothing since then to keep our families safe.",1
199,"Great visit to the @USER extension campus here in #SouthDade. Learned about some of the critical research from @USER & @USER being done right here in #FL26 to help our growers adapt and mitigate for the effects of #invasivespecies, #climatechange & #sealevelrise.",2
200,"Researching disease works. Need more NIH funding for #Alzheimers research to slow, prevent & #ENDALZ",1
201,"As of today, 21,812 Nevadans have been cut off from unemployment insurance. Congress must #RenewUI immediately!",1
202,"Older adults and people with underlying health conditions, including cancer, may be at higher risk for more serious complications from #COVID19. It‚Äôs important for everyone to take precautions to keep the most vulnerable populations healthy. #CongressionalFamilies",1
203,"Today I signed Senate Bill 22, creating the Early Childhood Education and Care Department. This new department is the vehicle to arguably the most important turnaround we must & will make as a state in the coming years, for children just like my granddaughter Avery. #SB22 #nmleg",1
204,I stand with the peaceful protesters in #Ferguson. From D.C. to MO ‚Äì #HandsUpDontShoot,1
205,We all have a choice: we can work collaboratively to build consensus for #climate solutions or we can selfishly exploit the issue for personal gain. This article features many who are making the wrong choice.   House panel yanks Curbelo invite amid furor from top Democrats,2
206,Today marks 10 years since the Affordable Care Act was signed into law. The ACA was the first bill I voted on when I was elected to Congress. The ACA bans discrimination on pre-existing conditions.,1
207,Good story on why F. Murray Abraham is bringing attention to the Syrian refugee crisis. HTTPURL‚Ä¶,1
208,Great to join Rep @USER & @USER for #NatomasBasin Signing Ceremony today. Important flood protection,1
209,The Senate has taken action to end unconscionable workplace discrimination. Now it‚Äôs the House‚Äôs turn to #passENDA,1
210,Chairman @USER & @USER welcome Canadian PM @USER at @USER Good discussion on #NAFTA,2
211,Let's keep the energy production momentum on our side. It's #TimetoBuild the #KeystoneXL #SOTU,2
212,Just spoke at Bet Haverim synagogue in #DavisCA in support of a two-state solution for Israel & the Palestinians,1
213,"Tax cuts don‚Äôt pay for themselves, so how do Republicans want to pay for the #GOPTaxScam? By cutting crucial benefits like Medicare, Medicaid, and Social Security.",1
214,"Trade between the U.S. and Canada is important to North Dakota‚Äôs economy because of our shared border. As co-chair of the House Northern Border Caucus, I appreciated the opportunity to discuss ongoing #NAFTA negotiations with Canadian Conservative Party Leader @USER",2
215,Great to participate in Cops & Community forum @USER on Sat. #BlackLivesMatter #BrownLivesMatter #AllLivesMatter,1
216,#RosaParks is first‚Äîand only‚Äîblack woman w/ life-size statue in Capitol‚Äîtribute to her civil rights contributions.,1
217,RT @USER If the #IRS targets Americans based on political beliefs what will this mean under #Obamacare?,2
218,Proud to join @USER in a care pckg for @USER will be joining shortly. #NoBillNoBreak #SitIn,1
219,"Responding to @USER election, Democratic Nobel Prize winning economist Paul Krugman said this on Nov. 9,2016, ‚ÄúIf the question is when markets will recover, a first-pass answer is never.‚Äù Liberalism has never made sense in the context of reality.",2
220,"While I appreciate the Senate is almost certainly moving on #immigration next week... I am not comfortable extending the funding deadline past @USER March 5th #DACA deadline. Doing so would relieve the pressure, and we must keep the pressure on. My full statement üëáüèº",2
221,At the #USISTF publication reception for the 2013 U.S. - Israel Innovation Index.,2
222,"With USMCA, we will have stronger growth, more exports, more jobs, and rising wages. The USMCA is a big win for America‚Äôs economy. #USMCAnow",2
223,"Women make up just 48% of workers, but they are over 55% of the minimum wage earners who will receive a raise w/ $15 by 2024. #RaiseTheWage",1
224,At 5 PM ET/ 2 PM PT I will be on MSNBC's #EdShow to discuss #MH17 #UkraineCrash & U.S. foreign policy. #p2,1
225,Joined ND entrepreneurs @USER in Fargo to talk about the issues they face starting new #smallbusiness,2
226,"Obama gives #SOTU tomorrow. Will he thank John Cornyn for voting twice in 2013 to fully fund Obamacare (RCV 44, 206)?",2
227,@USER says that President Trump‚Äôs trial will be just like Clinton‚Äôs. That‚Äôs a lie. #EndTheCoverUp #DefendOurDemocracy,1
228,I will discuss the Kerry/Putin meeting and #ISIS on @USER at 6 PM ET / 3 PM PT. #SitRoom,1
229,"If Cornyn's telling you he opposes raising the debt limit, he voted to raise the debt limit eight times before this.",2
230,Celebrating in Grand Forks today the Federal Weatherization Assistance Program's 40th Bday!  HTTPURL @USER @USER,2
231,"Deaths from several major diseases have gone down, but deaths from Alzheimer's has gone way up. #EndAlz",1
232,The #wagegap means Latinas must work 21 months to make what white men make in 12 months. It's time to #RaisetheWage,1
233,"Being a mother and grandmother is my greatest joy and privilege. Every day I remember how lucky I am to be able to work to build a better New Mexico for my grandchildren to grow up in, and every day I take inspiration from my own incredible mother, Sonja.",1
234,#Dems when tv announced the bill had been pulled. #victory #ACA,1
235,"This month, we take time to honor the #LGBTQ community & its legacy of standing strong in the face of bigotry, discrimination and violence. Much progress has been made in recent years, but so much more work needs to be done #NOH8ontheHill",1
236,"State health officials have announced today 74 additional cases of #COVID19 in New Mexico, currently totaling 1,245 positive tests statewide.  Sadly, @USER has also announced six new deaths related to COVID-19, bringing the total to 26.  More info here: HTTPURL",1
237,"China and Russia are stirring up trouble in America's backyard and threatening our way of life. As they try to gain ground in Latin America, I am committed to working with @USER Admiral Craig Faller to ensure he has the resources needed to defend our nation and allies.",2
238,Supporting small businesses at Perth Amboy Small Business Saturday ribbon cutting. #ShopSmall,1
239,Honored to attend the release of the 2017 Human Trafficking Report at @USER this morning. #EndTrafficking #EndSlavery,2
240,"""This rule really, really changes the definition of navigable waters."" testimony from WI DOJ about #WOTUS",2
241,"2m+ Americans, incl 26k+ Nevadans, have lost their unemployment insurance. The clock is ticking. We must #RenewUI now",1
242,"Talked with Marysville @USER about #HeadStart early education, #CIR & economic development.",1
243,Because of #ObamaCare 3 million young adults have health insurance coverage. #p2 More facts to know about the #ACA:,1
244,No one who works full time should have to live in poverty. #1010Means they won‚Äôt. #raisethewage.,1
245,Paul Ryan and Ted Cruz make a strong case for TPA recently in the Wall Street Journal - HTTPURL‚Ä¶,2
246,"Did you miss our New Mexico COVID-19 update yesterday? You can watch it here: HTTPURL  The main takeaway? Social distancing is the most meaningful tool we have. The less transmission of COVID-19, the more lives we‚Äôll save.  Stay home. Save lives. #AllTogetherNM",1
247,The LGBT Data Inclusion Act of 2016 is a vital and necessary bill #LGBTdata,1
248,Going on the House floor to speak out again the #GOPTaxScam. Short-term tax cuts followed by steep rise over the next 8 years. Say NO to this GOP giveaway to corporations and the richest 1%.,1
249,Pleased to discuss my bill to demilitarize our local police w/ @USER #militarizationofpolice #ferguson on @USER,1
250,"Today I will be voting yes on the Protecting Older Workers Against Discrimination Act (H.R.1230), a bipartisan proposal to restore strong workplace protections for older workers.",1
251,"#GeorgeFloyd #RayshardBrooks #BreonnaTaylor #KathrynJohnson #TamirRice #PhilandoCastile #EricGarner  Each killed by police, and robbed of their constitutional right to due process.  None of these notorious killings moved Congress to act.",1
252,"State health officials have announced today 101 additional cases of #COVID19 in New Mexico, currently totaling 2,823 positive tests statewide.  Sadly, @USER also announced five new deaths related to COVID-19, bringing the total to 104.  More info here: HTTPURL",1
253,I'm in @USER now preparing to question Mr. Mueller about his #MuellerReport. Every American needs to know the crimes & corruption exposed in it. #RetweetTheReport #MuellerHearing #MuellerTestimony #MuellerHearings #MuellerTestifies,1
254,"Whew! Busy Saturday in district #ForThePeople -- diversity in media @USER quality, affordable healthcare @USER & raising funds so deserving kids can attend college @USER Lithonia-Stonecrest Club. #DemsAtWork",1
255,Nice to welcome Ukraine's Deputy Prime Minister @USER to Washington on a day when @USER passes a bill to combat Russia's influence on energy in Eastern Europe.,2
256,Standing in solidarity with those arguing for marriage equality before the Supreme Court. #LoveMustWin #LoveCantWait,1
257,The escalating costs to #Medicare & #Medicaid of #Alzheimers -- not to mention the enormous emotional toll. #ENDALZ,1
258,"Chatting with @USER about how great this year's #FarmBill is, in terms we both understand: it's both a grand slam AND the Triple Crown of bipartisan bills. -SB",1
259,If it‚Äôs Sunday...it‚Äôs @USER with @USER @USER Looking forward to a good discussion with @USER @USER @USER #MuellerReport and more.,2
260,Taking #NoFlyNoBuy #NoBillNoBreak & commonsense gun reform to @USER w/ my man @USER,1
261,#ACA has provided 3 million+ people in #NJ w/ preventive health services & 105 million nationwide so far #GetCovered,1
262,Election Day is around the corner and I realized that I hadn‚Äôt updated my voter registration! Good thing I can still do so at my county clerk‚Äôs office through Nov. 2nd. The Santa Fe county clerk made it quick and easy ‚Äì make sure you‚Äôre registered and ready to vote on Nov. 5th!,1
263,The #Agriculture community understands that water infrastructure bill #WRRDA is cruicial for jobs -@USER #Ag,1
264,Today at 3 PM I will be joined by state officials to give a public update on the state‚Äôs response to COVID-19 and to make an announcement regarding a statewide stay-at-home instruction.  #AllTogetherNM,1
265,"Today I had the pleasure of meeting with a delegation from the Basque Country to the United States. I‚Äôm incredibly proud of my Basque heritage. My grandparents came the U.S. from Basque Country in the early 1900‚Äôs, but we‚Äôve always kept our heritage and our roots with us.",1
266,#TeamHorsford is continuing the celebration of #WorldRefugeeDay with @USER and @USER Refugees bring the value of diversity to our local communities and we are honored to have them here with us.,1
267,"The #GOPTaxScam was not written for middle-class workers. In GA, the top 5% of earners get more than 66% of tax breaks under the GOP plan. Nationwide, the richest Americans get a $33,000 tax break under the #GOPTaxScam. The poorest get just $40.",1
268,Francisco Williams teacher of the year at S. Miami Middle visited the Capitol today. He's the band instructor @USER,2
269,"The #opioidcrisis has taken too many lives in NY-11. I  spoke before  @USER about importance of education, treatment & enforcement.",2
270,"With #JusticeInPolicing Act, we will: - curb police brutality - end racial profiling - eliminate qualified immunity for law enforcement This is the progress our communities need. #GeorgeFloydLaw",1
271,Not sure why Lyla likes to visit Grandma & Papa so much.,2
272,RT to offer the President your pen to approve #KeystoneXL. #UseThePen,2
273,"We need to #raisethewage, and we need to do it now!",1
274,"Vice Pres Elect Mike Pence & Speaker Paul Ryan laid out an absolutely encouraging, job-creating agenda! Thank GOD!",2
275,"The nearly unanimous passage of this tough comprehensive sanctions bill shows N Korea, Iran & Russia we stand ready to hold them accountable",1
276,#Obamacare increased individual market premiums by an average of 49%,2
277,The Trump Administration is trying to make it easier for insurance companies to sell junk plans that can discriminate against those with pre-existing conditions. Comprehensive and affordable health care should be a right that all Americans share #ProtectOurCare,1
278,"As part of our celebration of #SmallBusinessWeek, I visited @USER a successful minority- & woman-owned engineering company in Ward 8. These engineers are helping to build and modernize our nation‚Äôs capital and the region. #blackwomeninSTEM",1
279,Good to see my friend Bruce Gjovig yesterday and to receive an update on UAS activities at Grand Sky.   I‚Äôm optimistic about the great potential here. #NDMilitaryTour,2
280,I voted to help pass Kate's Law to toughen penalties for deported felons who return to the US: HTTPURL,2
281,"You can refinance car & home loans, but not #studentloans. Let‚Äôs change that & help borrowers #HigherEdNotDebt",1
282,‚ÄúAnd love is love is love is love is love is love is love is love cannot be killed or swept aside‚Äù -- .@USER Proud to have earned a 100 on .@USER congressional scorecard for my support for the #LGBTQ community!,1
283,"DC‚Äôs many small businesses are struggling due to the #coronavirus shutdown.   Navigating relief programs can be difficult, but here are some resources @USER put together to help small businesses during this critical time.  HTTPURL",1
284,"Grumpy Pants by Claire Messer was a hit for kids at Northeast Library this morning. I‚Äôve had plenty of practice reading to my grandsons, Justin and Brendan. Happy #WorldBookDay!",1
285,"Met with Paul Diederich, new President of @USER and a North Dakotan. They will benefit from his leadership.",2
286,"Powerful words from @USER #DallasMemorial: ""We are 1 American family‚Äìall deserving of equal treatment."" #DisarmHate",1
287,"Joined with @USER to lead a bipartisan group of #Florida members urging @USER to protect Florida's specialty crop farmers, like those in #FL26, as the Administration looks to obtain a ‚Äòhandshake‚Äô deal with Mexico to update #NAFTA.",2
288,.@USER testifies at our Halfway House roundtable. Our focus is on ensuring the selection process is open and transparent.,1
289,It‚Äôs time for a vote on the clean #DREAMAct. I signed a petition & I urge all Members to join me so we can #protectDREAMers now.,1
290,"Ohio, today is Small Business Saturday! Support your community by supporting your local small businesses ‚Üí HTTPURL #ShopSmall",1
291,"In the first 6 months of 2019, more than 3,400 prescription drugs raised their prices. That‚Äôs money out of your pocket. That‚Äôs why I stood today with @USER and @USER to take a stand and declare that it‚Äôs time for Congress to take action to #LowerDrugCosts!",1
292,"Health care is a RIGHT, not a privilege for the wealthy. It's time to change the game & provide quality, affordable health care for every person living in the U.S. Proud to join @USER & @USER more than 100 of our colleagues as co-sponsors of the #MedicareforAll Act.",1
293,Want health coverage starting on Jan 1? Today is the deadline! Californians can #GetCovered at HTTPURL,1
294,"A great discussion with @USER on @USER just now about #immigration and the need for a compromise that includes a path for #Dreamers, the need for transparency from the @USER & my #Lent2018 intention to take a step back from Twitter.",2
295,"State health officials have announced today 47 additional cases of #COVID19 in New Mexico, currently totaling 1,845 positive tests statewide.  Sadly, @USER also announced two new deaths related to COVID-19, bringing the total to 55.  More info here: HTTPURL",1
296,Sat down with North Dakotans from @USER to discuss our strong support for Israel and the need to continue speaking out against anti-Semitism.,2
297,New Mexico: face masks are still required in any and all public settings.  Wearing a mask is not a political statement ‚Äì it‚Äôs proof that you value the life & health of your loved ones and your community.  Face coverings significantly reduce the spread of COVID-19 ‚Äì do your part.,1
298,Congress has a duty to vote on this new war against #ISIL in #Iraq & #Syria. I‚Äôm on MSNBC‚Äôs #EdShow 5 PM ET/ 2 PM PT.,1
299,Please RT! #ObamaCare architect Ezekiel Emanuel admitted President Obama‚Äôs famous promise will not be honored #PJNET,2
300,"New Mexico ‚Äì please join me in thanking those New Mexicans on the frontlines of the COVID-19 pandemic: health care workers, child care providers, first responders, grocery store workers, school personnel, state & local government employees, & corrections officers.  #AllTogetherNM",1
301,"Meet Samantha Ramirez-Herrera, my guest for the #StateOfTheUnion & CEO & Founder of HTTPURL. She's a #DREAMER. #DACA recipients like Samantha are our friends, neighbors & colleagues -- they are a part of our community & their story is #OurHispanicSOTU.",1
302,"Today, I #wearblue because I believe it's time to remove barriers to the polls and #RestoreTheVOTE!",1
303,‚úÖ HB 87 has successfully passed out of Senate committee! We must act to protect the vulnerable among us. We must be proactive. I support #HB87. #EndGunViolence,1
304,"Within 4 days, staff found 261 examples in six states of individuals convicted of diverting Medicaid-obtained painkillers, which often were sold on the street at enormous profit. #OpioidEpidemic. HTTPURL",2
305,9/11 heroes deserve permanent extension of their medical care. #renew911health,2
306,Discussed need for clean energy to reduce dependence on foreign oil & air pollution @USER recent climate change briefing,2
307,NEW: Calling on the Trump administration to suspend foreclosures and evictions on federally backed mortgages in light of #COVID19.,1
308,"I voted to strengthen Medicare, kids' #healthcare & Secure #Rural Schools program HTTPURL #SGR #docfix",1
309,"Numbers to know about health care reform law #ObamaCare #ACA. Savings for seniors, small businesses, seniors, & more",1
310,"As the grandson of #Basque immigrants, I was proud to welcome President Urkullu to the U.S.: HTTPURL",1
311,#DREAMers from Maine and Rhode Island on the Hill today with @USER calling for a #DACA solution. We‚Äôre working on it!,2
312,"Four years ago today, #LGBTQ marriage equality became the law of the land. This #PrideMonth, we celebrate that decision and take #PrideInProgress.",1
313,"Today, we remember evil that meant to tear this country apart but brought us together in a time of tragedy. 9/11/01",2
314,The fight to #ProtectOurCare isn't over. Senate Republicans are trying to pass the worst version of #Trumpcare yet.,1
315,On RioGrande this morn. Here is scorpion on child abandoned life jacket. Toured TX DPS regional hq yesterday.,2
316,"It is time for Congress to put aside bipartisan differences and ratify the #USMCA.   Let's ensure trade is both free and fair, while granting our farmers, ranchers, and manufactures the protections they deserve.  HTTPURL‚Ä¶",2
317,Congress must act to bolster Voting Rights Act: HTTPURL #VRA4Today,1
318,"Honored to join the grand opening of @USER Black Fire Innovation Building, a new driving force for #innovation in hospitality, gaming, and technology. Looking forward to the vast opportunities for collaboration between businesses, nonprofits, and students.",1
319,#ICYMI:  @USER is now accepting applications for the #PaycheckProtectionProgram until August 8th to help more small businesses and their employees recover from the economic impact of the coronavirus.   Find a lender: HTTPURL‚Ä¶  Learn more: HTTPURL‚Ä¶,2
320,Ayer #LevParnas - figura clave en la controversia #Ucrania que provoc√≥ el #impeachment de Trump - le concedi√≥ su primera entrevista a un medio hispanoparlante a @USER Fue un privilegio acompa√±ar a @USER Mi agradecimiento a @USER y a mi colega @USER,2
321,Spent my morning walking in the Las Vegas #MLKDay Parade. Glad to be a part of Southern Nevada‚Äôs celebration of this great man‚Äôs legacy.,1
322,".@USER and I are getting ready to go to the #SOTU with our guests Lila and Faye, two federal contractor workers who were denied pay during the #TrumpShutdown. Our legislation would ensure they get the back pay they deserve! #BackPayNOW",1
323,"Proud to cosponsor the #ScientificIntegrityAct, which keeps the hands of political & special interests away from America‚Äôs public scientific research & reports! #ScienceNotSilence #ForThePeople",1
324,"Now more than ever, we need an independent investigation into Russian ties to ensure American people can have full confidence in findings.",1
325,Rep. Cicilline joins Brown students for a panel discussion on the future of peace talks in Israel,1
326,"New Mexico: We are depending on YOU to slow the spread of COVID-19.   The more we do on the front end, the sooner we get through it.  The safer you are, the better we'll be and the more ready we'll be to stand up our small businesses and our economy again.  #AllTogetherNM",1
327,Ending #TPS for Haitian nationals will sentence them to a life of uncertainty and despair. #SaveTPS,1
328,Had a productive meeting today with my local chapter of @USER on strategies to fight #climatechange,1
329,"HIV diagnoses among African Americans fell 8% from 2011 to 2015. We‚Äôve made progress, but the fight is not over. This #NBHAAD, let‚Äôs recommit to #EndAIDS2030 by fighting stigma, racism, & inequalities in health care.",1
330,"As #IRS targeted conservative groups, they also spent $50 million on employee perks. RT if you agree.",2
331,"It is high time @USER brought #USMCA to the floor for a vote!  Today I joined fellow members of the TX Congressional Delegation for a bipartisan press conference highlighting the importance of passing USMCA  This isn‚Äôt a Republican win, it's a win for America!  #USMCAnow",2
332,Sometimes we need reminding of how precious & fragile freedom is. Ukraine Pres Petro Poroshenko addresses congress.,2
333,"Happy to kick off my ""Moving the Fourth Forward"" town hall series in DeKalb County #ForThePeople. I am so proud that so many constituents showed up and showed out to talk about among other issues: Common sense gun reform, impeachment, the climate crisis & healthcare. #DemsAtWork.",1
334,I was honored to serve as a guest speaker at the @USER World Refugee Day Celebration. #worldrefugeeday #refugeeswelcome,1
335,"Robust discussion today in #FL26 w/ a great group of #SouthDade growers, @USER & @USER about the need for specialty crop protections in #NAFTA #USMCA negotiations. Our #bipartisan, bicameral legislation is a possible solution. Learn more: HTTPURL",2
336,Because of the #ACA thousands of Ohioans have received an average insurance premium rebate of $133 per family in 2012,1
337,Discussed war in Ukraine w/ Ukrainian Nat'l Assoc. representatives @USER St. Demetrius Ukrainian festival in Carteret.,1
338,In Toledo for bill to make it easier for #veterans w/ post traumatic stress & traumatic brain injury to file claims.,1
339,Declaraci√≥n de Cicilline sobre la eliminaci√≥n de #DACA: ‚ÄòEste es un momento vergonzoso para nuestro pa√≠s.‚Äô,1
340,"I‚Äôll be at @USER Kickoff today at MLK Jr. Memorial Library, 2pm-4:30pm . Come & #GetCovered DC!",1
341,The Trump-Pence administration is at it again. Their newest proposal will gut the decades-old #TitleX family planning program - all to pacify anti-choice extremists. #ProtectTitleX HTTPURL,1
342,Families & taxpayers would save a fortune if we delay Alzheimer's by just a few years HTTPURL #EndAlz,1
343,"A 40-year-old making $30,000 per year in my district will see their health care premiums rise by more than $1,000 under #TrumpCare",1
344,"We need a fair trade deal - not ""free trade"" of #TPP which undermines #BuyAmerica policies.",1
345,"1 day, 3 historic Supreme Court decisions for the #LGBTQ community. Let‚Äôs officially recognize June 26th as #LGBTQEqualityDay. #PrideInProgress",1
346,As children we all memorized these words in our elementary school classrooms. Children are being used as hostages in a toxic debate over immigration. I am heartbroken.  #KeepFamiliesTogether.,1
347,I‚Äôm joining @USER in a few moments to discuss #Syria.,1
348,"More than 5 years ago, I helped establish @USER Monument, which STILL lacks a Visitor‚Äôs Center. Fortunately, we just voted to approve my amendment to the Interior funding bill, showing Congress‚Äô support for a Visitor‚Äôs Center. @USER #FindYourPark #AboutTime",1
349,Because of #ACA >37M #seniors received free preventative care & 8M saved on prescription drugs HTTPURL,1
350,"@USER is one of 30,000 veterans who as DC residents are shamefully denied voting rights. Their voices must be heard on the House floor",1
351,DC residents lining up to tell their incredible #ACA stories. Real life and death consequences of repeal. #ProtectOurCare,1
352,We have an opportunity in front of us rt now‚Äîan opportunity to stand with women and take up #VAWA reauthorization. Sen Republicans are going to face a real test: Are they going to stand on the side of women? Or are they going to stand on the side of the NRA?-AK #boyfriendloophole,1
353,When I was #UCRegent I voted against #UCtuition increases. I implore Regents to vote down bad plan,1
354,.@USER @USER and I are urging federal banking agencies to ensure community financial institutions can work with their farm clients amid #COVID19.   This market disruption calls for immediate attention. Read more here  HTTPURL,2
355,Enjoyed the opportunity to sit down with @USER @USER at a #climate forum hosted by @USER A lot of Republicans are engaging the issue seriously which means we are closer to a durable bipartisan solution.,2
356,"#Trumpcare 3.0 is the cruelest version yet, especially for women. Millions stand to lose coverage. It must be defeated immediately!",1
357,Joined @USER on @USER this morning to discuss the State of the Union and the plan Democrats have put forward to make our government work #ForThePeople again.,1
358,Today we honor immigrant youth and their resilience during the 8th anniversary of #DACA. I will continue to fight for all DACA recipients and all immigrants to be protected as they continue to make strides in our country. #HomeIsHere,1
359,Stafford Student Loan rate to double in 5 days. Congress must vote to stop it #DontDoubleMyRate ,1
360,"Under #ObamaCare in #TN04, potential premium increases from49-54% in individual market & 35% in small group market",2
361,The Lilly Ledbetter law is a big step toward #EqualPay for Equal Work. Time to pass Paycheck Fairness Act. #Lilly5,1
362,"In just a minute, on @USER with @USER to discuss addition of US military advisers in #Iraq. #ISIS #ISIL",1
363,Would you have voted to fund Obamacare?  John Cornyn did.,2
364,In Canton speaking about the NAFTA-style trade deal going to the House.  #TPP,1
365,ICYMI: I met with 9/11 widow Ellen Saracini to discuss H.R. 911. This bill requires airlines to install secondary cockpit barriers to prevent 9/11-style attacks. Enhancing protections is commonsense & will help stop our enemies from turning aircrafts into tools of destruction.,2
366,"Today is #SmallBusinessSaturday, a day to support the local businesses that make NY-11 great! Whether it's creating jobs, growing our economy, or investing locally, small businesses are the backbone of our community. What is your favorite small biz on Staten Island or Brooklyn?",2
367,Today the House passed legislation to provide our troops the largest pay raise in 8 years while increasing training and supplies. #NDAA strengthens defense spending as our military ensures readiness.   Read more on the impacts to North Dakota here: HTTPURL,2
368,From press office: Rep Cicilline traveling with @USER today to Jerusalem for funeral of former Israeli President Shimon Peres.,1
369,"Because of the #COVID19 virus, a lot of us are staying home these days. Many in-person #TaxPrep sites have been closed to protect the public and volunteers. @USER is encouraging you to use #FreeFile to file online at no-cost. See if you qualify at HTTPURL.",1
370,".@USER Despite the inclusion of several policies I'd traditionally support & have championed, I made a commitment to my constituents, #Dreamers & those who support them that I wouldn't continue to let Washington ignore their calls for a solution: HTTPURL",2
371,New @USER poll: Majority of Americans support new @USER carbon pollution standards HTTPURL #ActOnClimate,1
372,Proud to see these @USER students in Washington today uniting in defense of the most fundamental right ‚Äï the right to life. #MarchForLife2018,2
373,Tomorrow is the first day you can sign up to #GetCovered for 2015. HTTPURL,1
374,"As Republicans vote to go to conference on the #GOPTaxScam, I continue to oppose this bill that raises taxes on 82 million Americans, kicks 13 million Americans off health care, & adds $1.7 trillion dollars to the debt. RT if you agree.",1
375,.@USER just signed a #VAaccountability bill demonstrating our commitment to better care for the men and women who served our nation.,2
376,"By passing the #EqualityAct, we can put an end to discrimination facing our #LGBTQ brothers & sisters across America. #HR5",1
377,Starting at 6pm: Share your #ACA story at our #ProtectOurCare Town Hall. One Judiciary Square (441 4th St. NW) @USER,1
378,"State health officials have announced today 55 additional cases of COVID-19 in New Mexico, currently totaling 191 positive tests statewide.  More information here: HTTPURL  This is the largest jump in cases yet. This does not mean panic ‚Äìit means stay home.",1
379,"According to new data from the @USER the pay gap won‚Äôt close for 75 years, until 2093.   That‚Äôs too long to wait. I believe all people should have access to #equalpayforequalwork.   For more info: HTTPURL‚Ä¶",1
380,"Holding police accountable. Lowering health care costs. Creating millions of jobs by rebuilding America‚Äôs infrastructure.   In 2 weeks, @USER passed: The #JusticeinPolicing Act The #AffordableCare Enhancement Act The #MovingForward Act   #ForThePeople",1
381,"With loan debt at $1.1 trillion, students can't afford Congress wasting any more time #dropthatdebt #dontdoublemyrate",1
382,I spent time with the amazing students of @USER explaining how Congress works #ForThePeople and why it‚Äôs important to have a government that looks like you. Look out #Nevada! Brilliant leaders are coming your way.,1
383,.@USER final budget continues the fight to #ActOnClimate for future generations: HTTPURL,1
384,U.S. Rep. Kay Granger Honored as Guardian of Small Business by @USER HTTPURL #smallbusiness,2
385,"As UC Regent, I met too many students priced out of education to back down now #DontDoubleMyRate #p2",1
386,Access to health insurance coverage is critical to addressing disparities in health outcomes among African-Americans. #GetCovered,1
387,Today I introduced the Restore Statutory Rights Act to end #ForcedArbitration and guarantee #EqualPay,1
388,"There are 7,600 #Dreamers in my district -- just like Cinthya Moran & Damaris Gonzalez -- who need permanent protection from deportation. That is why I am proud to support #HR6, the #DreamAndPromise Act of 2019. This #HispanicHeritageMonth, I‚Äôm fighting for #DreamAndPromiseNOW",1
389,#1010means higher wages for min wage workers whose yearly income hasn't changed since '09. It's time to #RaiseTheWage,1
390,It's important to know the facts: #Ebola is NOT spread through 1. Casual contact 2. Air 3. Water 4. Food in the U.S.,1
391,"It is critical that New Mexicans understand that the only way to slow the spread of COVID-19 is to stay home.   This virus affects everyone, both young & old. Every New Mexican is susceptible.  Protect yourself & your community by staying home.  #AllTogetherNM #StayHomeSaveLives",1
392,‚ÄúThe time is always right to do what is right.‚Äù  Today we remember Dr. Martin Luther King Jr‚Äôs life and legacy. #MLKDay,2
393,Spoke out in support of Administration's efforts at #COP21 & the #CleanPowerPlan. Time to #ActOnClimate is now.,1
394,12:33 PM ET/ 9:33 AM PT I'm on The Ed Radio Show to discuss Unemployment Insurance: HTTPURL #RenewUI,1
395,Rep. Cicilline stands with thousands of Rhode Islanders against #MuslimBan,1
396,"Talked with Colusa High students about #DREAMers, #CIR, #Ag & bipartisanship. HTTPURL #Latism #NorCal",1
397,"Excited to moderate a panel on ""Ferguson and beyond. Bending the arc of justice together."" @USER Summit.",1
398,#OTD my mentor & civil rights leader Fannie Lou Hamer was born. She risked her life fighting for voting rights. Be sure to exercise yours.,1
399,Glad the Senate is taking action to #RaisetheWage. Now it's time for the House to act. It's #Timefor1010,1
400,Joined fellow @USER & signed the discharge petition to #raisethewage! It's time to give America a raise.,1
401,"This month I am proud to show my utmost support for the LGBT community, their families and friends. I will continue to use my privileged position as a member of Congress to fight for and support the rights of LGBTQ people. #LGBTQTogether @USER",1
402,Alizjah Swenson from Grand Forks is the North Dakota winner of the 2014 Congressional Art Competition,2
403,"Today is #WorldDiabetesDay. Insulin can cost Nevadans between $1,200 and $20,000 annually ‚Äì that‚Äôs why I‚Äôm working to #LowerDrugCostsNow for my constituents. Under #HR3, the cost of insulin could decrease to only $400 per year.",1
404,1-@USER fires Comey over Russia investigation 2-Trump leaks highly sensitive intel to Russians What‚Äôs the next shoe to drop?,1
405,Getting some important help from #MarchForOurLives leaders today as we continue the fight against gun violence. Background checks work. And they save lives.   I‚Äôm co-sponsoring #HR8 to fix loopholes in the system and stop the violence that is gripping our communities.,1
406,"With growing threats from China, Russia, North Korea, Iran, and others, we must continue to invest in our armed forces and the equipment that enable our men and women in uniform to keep our nation and allies safe.",2
407,#TeamHorsford continued the celebration to #AAPIHeritageMonth with children and paper crafts at Whitney Library @USER,1
408,Yesterday we caught Chinese Natl on RioGrande border. 70 dif eastern religious sects R crossin our border. Secure it!,2
409,"New Mexico: If you're currently working, we want you to get tested for #COVID19.  Grocery & pharmacy employees, retail workers, utility employees, service industry workers, government employees ‚Äì if you're a worker, you can & should get tested, whether or not you're symptomatic.",1
410,"The hardworking state employees of the @USER State Laboratory are working around the clock ‚Äìliterally, they are working 24/7 ‚Äì to process as many COVID-19 tests as possible and get New Mexicans the essential health information they need. Please join me in thanking them!",1
411,Today @USER met with @USER to discuss escalating violence in Israel.,1
412,Showing the real impact of #TaxCuts for employees of @USER to @USER #SOTU #TaxCutsandJobsAct #TaxReform,2
413,Because of #ACA >37M #seniors received free preventative care & 8M saved on prescription drugs HTTPURL,1
414,Gun violence takes the lives of far too many people in our community. Today we #WearOrange in honor of the lives lost and those forever changed by gun violence. It‚Äôs time for commonsense solutions to #EndGunViolence.,1
415,Stafford Student Loan rate to double in 26 days. Congress must vote to stop it #DontDoubleMyRate,1
416,"Two grandmothers, Eleanor and Brenda, and the mother of our grandchildren, Tiffany, loving #MothersDay. Happy Mother‚Äôs Day, DC!",1
417,"My office dog, Hank, is in the running for the #CutestDogontheHill contest, & voting is now open! He's a shoo-in: HTTPURL",1
418,The vast majority of Americans believe Special Counsel Mueller‚Äôs report to the Attorney General must be made public. And w/o interference from the White House. They deserve the truth! #ReleaseTheReport,1
419,"Grand opening: Bayshore Resource Center, Highlands, helping Sandy victims to rebuild",1
420,"8 minutes, 46 seconds. A moment of silence for George Floyd, Breonna Taylor, Ahmaud Arbery and all of the Black lives we‚Äôve lost. Today, we introduce the #JusticeInPolicing Act to honor them.",1
421,We can't allow shocking numbers like this to be the norm in our state or our country. Proud of our work in the House focused on wiping out the #OpioidCrisis and my bills like the #HOSTAct and #COACHAct that will help end the culture of overprescribing in our healthcare system.,2
422,"All this work on one conspiracy, but zero action on jobs, on #RaiseTheWage, on #RenewUI . This #GOPsham is a shame:",1
423,"This is a National Day of Mourning. Today we honor #GeorgeFloyd and turn our emotions into focus for securing progress and justice for his family and all Americans, no matter the color of their skin. #JusticeForGeorgeFloyd #BlackLivesMatter",1
424,"Fairness at work has everything to do with working hard, and nothing to do with who you love. Time to #PassENDA now!",1
425,"While contact tracing apps are promising to help prevent #COVID19 spread, it also raises questions about privacy & data security. There must be a balance among big data, consumer privacy & civil liberties HTTPURL That's what my 2 bills do. @USER @USER",1
426,Rep. Cicilline will be on @USER in 10 minutes to talk #Trumpcare & GOP plan to strip millions of health insurance,1
427,"‚ÄúThe arc of the moral universe is long, but it bends towards justice.‚Äù Dr. Martin Luther King Jr.   It is time to end discrimination against LGBTQ Americans and pass the #EqualityAct. I proudly stand with my Democratic colleagues in passing this important legislation.",1
428,Joined @USER patrolling the Rio Grande in its mission to secure the border.,2
429,"I'm fighting for the 34,100 Nevadans who need Congress to #RenewUI. @USER it's time to bring up a bill!",1
430,"I'm proud to support @USER #HeroesAct, which would provide $23B to GA to keep our essential public servants on the job. Our community is grateful for your service and I‚Äôm fighting to protect your paychecks.",1
431,Forcing Planned Parenthood to refuse #TitleX funds harms the 1.5 million people who need affordable reproductive health care. Glad I could join @USER for Pink Table Talks to ensure onerous laws are not passed to restrict an individual‚Äôs constitutional rights.,1
432,#KeepItRed was Harry Reid's instructions to John Cornyn on that debt vote #yessir #votedwithobama,2
433,Welcomed Jonah Zimmerman to the Capitol for a reception honoring #CAC2016 winners. HTTPURL,2
434,This #WomensHistoryMonth I‚Äôm taking time to celebrate the 35 women who re-took the House and are leading our #ForThePeople agenda. I‚Äôm starting strong with my friend and delegation-mate @USER  Read more about her at HTTPURL,1
435,It is alarming how out of touch Republicans are about women‚Äôs health. When is #GOP going to focus on jobs? #HR1797,1
436,Grandson Beau is loving life as a 6 week old.,2
437,Would you have voted to fund the Obamacare debacle? John Cornyn did,2
438,"Wonderful to meet the family behind SourceCut Industries, a family owned and operated business in Osseo. #SmallBusinessWeek",2
439,Join us tomorrow night for a town hall to share your story on how the federal shutdown has impacted you and your family. This is an emergency for our city and our residents. Your stories will help me #EndTheShutdown.,1
440,"New Mexico is proud to be a national leader in enacting bold climate policy.  As the Trump administration has rolled back environmental protections, New Mexico is implementing robust and innovative regulations to curb emissions and hold bad actors accountable.",1
441,"Today I visited the site where Michael Brown, Jr. lost his life in #Ferguson to pay my respects.",1
442,"DC residents, who already pay the highest federal taxes per capita in the nation‚Äîwithout representation‚Äîshould consider pre-paying their 2018 property taxes, which will help them avoid being double taxed, at least next year, by the #GOPTaxScam.  Visit HTTPURL",1
443,61% of DC kids with severe disabilities & special needs rely on public programs like Medicaid. We must defeat cruel #Trumpcare Medicaid cuts,1
444,Spoke with Maury county officials about current issues & putting an end to the president's dangerous #IranDeal #TN04,2
445,"Today we honor those who lost their lives and loved ones and the first responders who bravely put others before themselves.  On 9/11, our country stood as one united in strength and freedom.  That day there was no Right or Left, rich or poor ‚Äì we were all Americans.",2
446,Have questions or thoughts on #TPP? Join the #TwitterTradeTalk TODAY from noon-12:30.,1
447,Businesses that need a @USER license to export can't do so because of the #shutdown HTTPURL,1
448,Step 1: Promise to never cut #Medicaid Step 2: Become President of the United States Step 3: Cut Medicaid's budget in half  #TrumpCare,1
449,"Life, liberty & the pursuit of happiness for everyone HTTPURL‚Ä¶ #LoveIsLove #LoveWins",1
450,"Going live now on @USER with to discuss the looming federal government shutdown and our work to ensure the DC government stays open, no matter what. I‚Äôll also push to ensure back pay for federal workers and low-wage federal contract workers.",1
451,"64% of #NJ grads hold student loan debt. We shld freeze interest rates at 3.4%, not double them. #DontDoubleMyRate",1
452,"I'm grateful to announce today that the Stanley E. Fulton Family Foundation of Sunland Park‚Äã has contributed $2 million to the #AllTogetherNM fund, the statewide philanthropic effort we've launched that is dedicated to COVID-19 response & relief efforts. HTTPURL",1
453,Great chatting with @USER last night. @USER does so much to protect government employees. My bill to reimburse federal workers for the late fees and interest they‚Äôre charged during government shutdowns should make that job a little easier.,1
454,"Refusing to #ActonClimate comes with costs and consequences to our environment, public health, and our economy. #DefendScience",1
455,Addressing Minnkota Power Co-Op's annual meeting in Grand Forks today.,2
456,"As we approach the deadline to #GetCovered, I want to thank Dr. Kathleen Connors & her dedicated staff @USER the WellRefugee Center, 3729 Church Street, Clarkston. Can't make it to Clarkston? Call 888-230-7772 or visit HTTPURL or HTTPURL to enroll.",1
457,US businesses add #jobs for 35th straight month. At minimum must replace #sequester to continue growth,1
458,"In just one year, we‚Äôve reduced the uninsured rate among adults by 26%! #ACAWorks",1
459,On Mon I have the honor of introducing fmr Israeli Pres Shimon Peres during the Tarrant County College lunch in FW.,2
460,"Announced today: New Mexicans will have an extra 90 days to file and pay their 2019 personal income taxes due to the ongoing COVID-19 public health emergency. State income, as well as state payroll taxes, will now be due July 15. More info: HTTPURL‚Ä¶",1
461,John Cornyn is cheating on you with Obamacare #tcot #teaparty #gop #republican #txlege #txsen #obamacare #tlot #txgop,2
462,Good discussion this morning at #TomTomFest in Charlottesville about #climatepolicy. Grateful to @USER for sponsoring. @USER tells me I‚Äôm the person on the left.,2
463,"The #COVID19 updates we announce every day depend on YOU.   I want to be able to tell you good news ‚Äì but that depends on how well New Mexicans do at social distancing, at slowing the spread of COVID-19.  We cannot relax yet. Every New Mexican has a role to play. HTTPURL‚Ä¶",1
464,#SupremeCourt stays @USER #EPA #CleanPowerPlan rules while states fight them - HTTPURL #NDPOL,2
465,Working #women across America would benefit most if we #RaiseTheWage. #With1010 we could lift millions out of poverty,1
466,I was glad to join governors from around the country this morning on a conference call with @USER Pence & @USER officials for an update on the federal response to the COVID-19 #coronavirus. @USER is ensuring that New Mexico is mobilized and prepared for any potential outbreak.,1
467,"Every single day, families around the world are forced to flee their homes in search of safety. This #WorldRefugeeDay, & every day, we must continue our tradition of welcoming refugees. #RefugeesWelcome #WRD2019 Proud cosponsor of #GraceAct, #NoBanAct & member of #RefugeeCaucus",1
468,"Clint Romesha contacted me about a solider from AZ, Sgt. Justin Gallegos, who died selflessly in Afghanistan. I worked on an amendment that was passed in the #NDAA to grant a waiver so Sgt. Gallegos can be awarded the Distinguished-Service Cross. MORE: HTTPURL",2
469,There is no wrong way to express gratitude for our health care workers and other essential employees who are working tirelessly during this public health emergency. I want to thank those individuals for their work! You can stay updated on COVID-19 at: HTTPURL.,1
470,‚ÄúThis shutdown is causing us to all fall down together.‚Äù #EndtheShutdown,1
471,"A scam may start with an unsolicited contact by phone email or social media. If you plan to aid victims of the #COVID19 outbreak, first check that you‚Äôre doing it through a legitimate charity. For more information visit: HTTPURL",1
472,"Great to meet today with the Consulate General of Canada @USER ‚Äì my office had a productive conversation with her and her team about climate change, trade, and ways to foster indigenous-owned local businesses in Canada and here in New Mexico. #NMgov",1
473,At @USER with @USER to highlight the shutdown‚Äôs disproportionate impact on DC. The #TrumpShutdown is causing such widespread pain that we must treat it as an emergency. #EndTheShutdown,1
474,This year #BlackMaternalHealthWeek comes in the midst of a pandemic. The racial disparities in #COVID19 outcomes reflect ongoing disparities in maternal mortality rates in the U.S. As a Member of the @USER I am working hard to address this crisis #BMHW20.,1
475,"I met with Nevada-based IRS employees on Saturday to discuss how we could help them recover from the shutdown. Late fees and interest piled up on the 3,520 Nevadans denied a paycheck during the shutdown. I'm pushing Congress to make them whole.",1
476,Alistair (my grandson) is ready for the game! Go @USER #WhoDey,2
477,"TODAY, I sent a letter to Congressional leadership to demand another $250 billion for the @USER Paycheck Protection Program and Economic Injury Disaster Loan Program.  It is essential that we support and protect the most vulnerable businesses during the #COVID19 pandemic.",1
478,Mark your calendars for tomorrow‚Äôs #ACA Town Hall! We need your stories to help protect #ACA from repeal. RSVP here: HTTPURL‚Ä¶,1
479,"On #WorldAIDSDay, I‚Äôm celebrating the advances in medicine and education that are slowing the spread of HIV and recommitting to the work that lies ahead. To help #EndAIDS, please get tested and #KnowYourStatus.",1
480,"House GOP today held their 50th vote to undermine #ACA. Instead they should focus on #RenewUI, #RaiseTheWage.",1
481,"Nearly 41 million Americans have filed for unemployment during this pandemic. And Mitch McConnell think Congress should take a break? The people need action. The Senate must pass the #HeroesAct NOW! Our #PostOffice needs us, too!",1
482,#ObamaCare is bad for #smallbiz...and even worse for employees. Headlines:,2
483,"This #EarthDay, we must recognize the important connection between climate change and health. @USER",1
484,"While millions of Americans are facing disappointing tax returns, the rich get richer--and more intoxicated --off the #GOPTaxScam. Isn‚Äôt the passage of this Republican tax scam considered the biggest legislative achievement of @USER HTTPURL @USER",1
485,"On National Gun Violence Awareness Day, we #WearOrange in solidarity with Black Americans, who suffer the most because Mitch McConnell and President Trump refuse to stand up to the gun lobby.   We need common sense gun safety laws.",1
486,"Great chatting about tax reform, #NAFTA, #energy and #immigration with @USER",2
487,Proud to join .@USER & colleagues calling on the nation‚Äôs largest credit card companies to stop collecting interest & waive all late fees until the #COVID-19 pandemic has ended. HTTPURL,1
488,"Nice gathering with the @USER in Washington today. There is growing momentum for smart #ClimateAction in Congress, and consensus-building groups like BCSE are leading the way. #CleanEnergy #ClimateChange",2
489,Such a pleasure catching up today with my good friends @USER and Professor Paula Giddings!,1
490,"GOP has no time to vote on #CIR, #equalpay, #raisethewage--theyre too busy playing political games #DoYourJobHouseGOP",1
491,Successful first meeting of the Bipartisan Climate Solutions Caucus. TY to my co-chair & fellow caucus members.,2
492,"Yesterday, I spoke with TSA employees at McCarran about their shutdown experiences. Too many hardworking agents are being forced to skip utility bill payments, and barter with creditors. It‚Äôs time to #EndThisShutdown and give people the paychecks they‚Äôve worked hard for.",1
493,Excited to be part of the Foster Grandparent/Senior Companion Program Recognition Event in Grand Forks today.,2
494,Equal Pay Act hasn't been updated in 51 years! It's time to pass the Paycheck Fairness Act!  #NoMadMenPay #EqualPay,1
495,"Instead of renewing UI for 2 million people, @USER will repeal ACA for the 50th time. #DoNothingGOP #RenewUI",1
496,".@USER said ‚Äúnobody knows‚Äù if the #GOPTaxScam will pay for itself. The truth: Everybody knows that it won‚Äôt, and seniors & middle-class families will end up footing the bill.",1
497,Today we honor and remember the lives lost on #September11th and the heroes that protected our nation. #NeverForget,2
498,"I asked for @USER subcommittees where I could have the greatest impact for North Dakota. They give us a voice on important state issues like the Grand Forks and Minot Air Force Bases, Cavalier, UND, and the National Guard.",2
499,Side-by-side w/ .@USER gun violence survivors & advocates urging reforms that #disarmhate.,1
